instance_name,source_path,n_vars,n_cons,nnz,density,n_integer_vars,n_binary_vars,n_continuous_vars,integer_ratio,finite_bound_ratio,n_finite_lb,n_finite_ub,n_eq,n_ge,n_le,obj_sense,solu_status,reference_obj,reference_obj_raw,selection_score,passes_structural_filter,filter_reasons,copied_path
30n20b8,/Users/cjx-mbp/Documents/benchmark/30n20b8.mps.gz,18380,576,109706,0.010362448615645024,18380,0,0,1.0,1.0,18380,18380,90,0,486,min,=opt=,302.0,302,4.47170082214968,False,vars_out_of_range;too_many_nonzeros,
50v-10,/Users/cjx-mbp/Documents/benchmark/50v-10.mps.gz,2013,233,2745,0.005852516582130316,1647,0,366,0.8181818181818182,0.9090909090909091,2013,1647,50,0,183,min,=opt=,3311.1799841,3311.1799841,4.041625097541943,True,,/Users/cjx-mbp/Documents/我的坚果云/科研/论文/2026_Quantum_Solver/Plan 1/data/miplib2017_sec/instances/50v-10.mps.gz
CMS750_4,/Users/cjx-mbp/Documents/benchmark/CMS750_4.mps.gz,11697,16381,44903,0.00023434757143962,7196,0,4501,0.6152004787552364,0.9999572539967513,11697,11696,1,16380,0,min,=opt=,252.0,252,3.5417419645825112,False,vars_out_of_range;cons_out_of_range,
academictimetablesmall,/Users/cjx-mbp/Documents/benchmark/academictimetablesmall.mps.gz,28926,23294,268350,0.00039826225333853296,28926,0,0,1.0,1.0,28926,28926,1379,11378,10537,min,=opt=,0.0,0,4.669947886371242,False,vars_out_of_range;cons_out_of_range;too_many_nonzeros,
air05,/Users/cjx-mbp/Documents/benchmark/air05.mps.gz,7195,426,52121,0.017004831863546347,7195,0,0,1.0,1.0,7195,7195,426,0,0,min,=opt=,26374.0,26374,4.027922690183258,False,vars_out_of_range,
app1-1,/Users/cjx-mbp/Documents/benchmark/app1-1.mps.gz,2480,4926,18275,0.0014959300878812883,1225,1225,1255,0.4939516129032258,0.7469758064516129,2480,1225,1226,1250,2450,min,=opt=,-3.0,-3,2.7004610371750757,False,cons_out_of_range,
app1-2,/Users/cjx-mbp/Documents/benchmark/app1-2.mps.gz,26871,53467,199175,0.00013863253991593805,13300,13300,13571,0.49495738900673586,0.7474786945033679,26871,13300,13301,13566,26600,min,=opt=,-41.0,-41,2.578103327583474,False,vars_out_of_range;cons_out_of_range;too_many_nonzeros,
assign1-5-8,/Users/cjx-mbp/Documents/benchmark/assign1-5-8.mps.gz,156,161,3720,0.148112756808409,130,0,26,0.8333333333333334,1.0,156,156,31,130,0,min,=opt=,211.999999999998,211.999999999998,3.8034813664596276,False,too_dense,
atlanta-ip,/Users/cjx-mbp/Documents/benchmark/atlanta-ip.mps.gz,48738,21732,257532,0.00024314413635612896,46773,0,1965,0.959682383355903,0.9997743034182773,48738,48716,7080,29,14623,min,=opt=,90.009878614,90.009878614,4.444390707486784,False,vars_out_of_range;cons_out_of_range;too_many_nonzeros,
b1c1s1,/Users/cjx-mbp/Documents/benchmark/b1c1s1.mps.gz,3872,3904,11408,0.0007546826310797995,288,0,3584,0.0743801652892562,0.5371900826446281,3872,288,1280,0,2624,min,=opt=,24544.25,24544.25,0.8702981980761413,False,vars_out_of_range;cons_out_of_range;integer_ratio_too_low,
bab2,/Users/cjx-mbp/Documents/benchmark/bab2.mps.gz,147912,17245,2027726,0.0007949552131182637,147912,0,0,1.0,1.0,147912,147912,4557,0,12688,min,=opt=,-357544.3115,-357544.3115,4.581580513632729,False,vars_out_of_range;cons_out_of_range;too_many_nonzeros,
bab6,/Users/cjx-mbp/Documents/benchmark/bab6.mps.gz,114240,29904,1283181,0.00037561285047726955,114240,0,0,1.0,1.0,114240,114240,19461,0,10443,min,=opt=,-284248.2307000001,-284248.2307000001,4.433677192787227,False,vars_out_of_range;cons_out_of_range;too_many_nonzeros,
beasleyC3,/Users/cjx-mbp/Documents/benchmark/beasleyC3.mps.gz,2500,1750,5000,0.001142857142857143,1250,1250,1250,0.5,0.75,2500,1250,500,0,1250,min,=opt=,753.9999999999128,753.9999999999128,2.7549285714285716,True,,/Users/cjx-mbp/Documents/我的坚果云/科研/论文/2026_Quantum_Solver/Plan 1/data/miplib2017_sec/instances/beasleyC3.mps.gz
binkar10_1,/Users/cjx-mbp/Documents/benchmark/binkar10_1.mps.gz,2298,1026,4496,0.0019069043850318186,170,0,2128,0.07397737162750218,0.5369886858137511,2298,170,1016,0,10,min,=opt=,6741.38002393972,6741.38002393972,0.7820476518270825,False,integer_ratio_too_low,
blp-ar98,/Users/cjx-mbp/Documents/benchmark/blp-ar98.mps.gz,16021,1128,200601,0.01110029124008781,15806,0,215,0.9865801136008988,0.9974408588727296,16020,15940,215,0,913,min,=opt=,6205.2147104,6205.2147104,4.4007762639549775,False,vars_out_of_range;too_many_nonzeros,
blp-ic98,/Users/cjx-mbp/Documents/benchmark/blp-ic98.mps.gz,13640,717,191947,0.019626723436279383,13550,0,90,0.9934017595307918,0.9983504398826979,13639,13596,90,0,627,min,=opt=,4491.44758395,4491.44758395,4.3126693783563805,False,vars_out_of_range;too_many_nonzeros,
bnatt400,/Users/cjx-mbp/Documents/benchmark/bnatt400.mps.gz,3600,5614,21698,0.0010736056683687606,3600,0,0,1.0,1.0,3600,3600,1586,2014,2014,min,=opt=,1.0,1,4.61981910303606,False,vars_out_of_range;cons_out_of_range,
bnatt500,/Users/cjx-mbp/Documents/benchmark/bnatt500.mps.gz,4500,7029,27203,0.0008600243435924188,4500,0,0,1.0,1.0,4500,4500,1971,2529,2529,min,=inf=,,,4.374075718056939,False,unknown_reference;vars_out_of_range;cons_out_of_range,
bppc4-08,/Users/cjx-mbp/Documents/benchmark/bppc4-08.mps.gz,1456,111,23964,0.14827739827739828,1454,0,2,0.9986263736263736,0.9996565934065934,1456,1455,20,0,91,min,=opt=,53.0,53,4.141120235620235,False,too_dense,
brazil3,/Users/cjx-mbp/Documents/benchmark/brazil3.mps.gz,23968,14646,133184,0.000379403408650653,23968,23874,0,1.0,0.9980390520694259,23968,23874,9486,1371,3789,min,=opt=,24.0,24,4.430933499661892,False,vars_out_of_range;cons_out_of_range;too_many_nonzeros,
buildingenergy,/Users/cjx-mbp/Documents/benchmark/buildingenergy.mps.gz,154978,277594,788969,1.8339175746648535e-05,26287,0,128691,0.1696176231465111,0.500003226264373,154978,1,26281,78841,172472,min,=opt=,33283.853236,33283.853236,1.1706962005663923,False,vars_out_of_range;cons_out_of_range;integer_ratio_too_low;too_many_nonzeros,
cbs-cta,/Users/cjx-mbp/Documents/benchmark/cbs-cta.mps.gz,24793,10112,64388,0.00025682588541988424,2467,0,22326,0.0995038922276449,1.0,24793,24793,244,4934,4934,min,=opt=,0.0,0,1.984750563782039,False,vars_out_of_range;cons_out_of_range;integer_ratio_too_low;too_many_nonzeros,
chromaticindex1024-7,/Users/cjx-mbp/Documents/benchmark/chromaticindex1024-7.mps.gz,73728,67583,270324,5.425186668614889e-05,73728,0,0,1.0,1.0,73728,73728,18431,0,49152,min,=opt=,4.0,4,4.590045365513516,False,vars_out_of_range;cons_out_of_range;too_many_nonzeros,
chromaticindex512-7,/Users/cjx-mbp/Documents/benchmark/chromaticindex512-7.mps.gz,36864,33791,135156,0.00010850052220512365,36864,0,0,1.0,1.0,36864,36864,9215,0,24576,min,=opt=,4.0,4,4.5891816916240025,False,vars_out_of_range;cons_out_of_range;too_many_nonzeros,
cmflsp50-24-8-8,/Users/cjx-mbp/Documents/benchmark/cmflsp50-24-8-8.mps.gz,16392,3520,158622,0.002749089078929855,1392,0,15000,0.0849194729136164,1.0,16392,16392,1096,0,2424,min,=opt=,55789389.886,55789389.886,1.7862275389325173,False,vars_out_of_range;cons_out_of_range;integer_ratio_too_low;too_many_nonzeros,
co-100,/Users/cjx-mbp/Documents/benchmark/co-100.mps.gz,48417,2187,1995817,0.01884838126903905,48417,0,0,1.0,1.0,48417,48417,173,2,2012,min,=opt=,2639942.06,2639942.06,4.366784381634105,False,vars_out_of_range;too_many_nonzeros,
cod105,/Users/cjx-mbp/Documents/benchmark/cod105.mps.gz,1024,1024,57344,0.0546875,1024,0,0,1.0,1.0,1024,1024,0,0,1024,min,=opt=,-12.0,-12,4.272,True,,/Users/cjx-mbp/Documents/我的坚果云/科研/论文/2026_Quantum_Solver/Plan 1/data/miplib2017_sec/instances/cod105.mps.gz
comp07-2idx,/Users/cjx-mbp/Documents/benchmark/comp07-2idx.mps.gz,17264,21235,86577,0.00023616135949859827,17264,17144,0,1.0,1.0,17264,17264,131,14025,7079,min,=opt=,6.0,6,4.693753794042701,False,vars_out_of_range;cons_out_of_range;too_many_nonzeros,
comp21-2idx,/Users/cjx-mbp/Documents/benchmark/comp21-2idx.mps.gz,10863,14038,57301,0.0003757570897797337,10863,10777,0,1.0,1.0,10863,10863,94,8488,5456,min,=opt=,74.0,74,4.691309442340701,False,vars_out_of_range;cons_out_of_range,
cost266-UUE,/Users/cjx-mbp/Documents/benchmark/cost266-UUE.mps.gz,4161,1446,12312,0.0020462684022054226,171,0,3990,0.0410958904109589,0.5205479452054794,4161,171,1332,57,57,min,=opt=,25148940.55999998,25148940.55999998,0.46317853691809235,False,vars_out_of_range;integer_ratio_too_low,
cryptanalysiskb128n5obj14,/Users/cjx-mbp/Documents/benchmark/cryptanalysiskb128n5obj14.mps.gz,48950,98021,292875,6.103943101392283e-05,48950,0,0,1.0,1.0,48950,48950,10861,0,87160,min,=inf=,,,4.454702254240636,False,unknown_reference;vars_out_of_range;cons_out_of_range;too_many_nonzeros,
cryptanalysiskb128n5obj16,/Users/cjx-mbp/Documents/benchmark/cryptanalysiskb128n5obj16.mps.gz,48950,98021,292875,6.103943101392283e-05,48950,0,0,1.0,1.0,48950,48950,10861,0,87160,min,=opt=,0.0,0,4.654702254240636,False,vars_out_of_range;cons_out_of_range;too_many_nonzeros,
csched007,/Users/cjx-mbp/Documents/benchmark/csched007.mps.gz,1758,351,6379,0.010337764035147426,1457,0,301,0.8287827076222981,1.0,1758,1758,301,50,0,min,=opt=,350.9999999999955,350.9999999999955,3.958173955284593,True,,
csched008,/Users/cjx-mbp/Documents/benchmark/csched008.mps.gz,1536,351,5687,0.010548358855650522,1284,0,252,0.8359375,0.9996744791666666,1536,1535,301,50,0,min,=opt=,173.0,173,4.003367773622982,True,,
cvs16r128-89,/Users/cjx-mbp/Documents/benchmark/cvs16r128-89.mps.gz,3472,4633,12528,0.0007788247206724748,3472,0,0,1.0,1.0,3472,3472,0,0,4633,min,=opt=,-97.0,-97,4.75353880446924,False,vars_out_of_range;cons_out_of_range,
dano3_3,/Users/cjx-mbp/Documents/benchmark/dano3_3.mps.gz,13873,3202,79655,0.0017931694370539786,69,0,13804,0.0049736899012470265,0.520759749153031,13873,576,1224,1232,746,min,=opt=,576.34463303,576.34463303,0.5748454222886448,False,vars_out_of_range;cons_out_of_range;integer_ratio_too_low;too_many_nonzeros,
dano3_5,/Users/cjx-mbp/Documents/benchmark/dano3_5.mps.gz,13873,3202,79655,0.0017931694370539786,115,0,13758,0.008289483168745044,0.520759749153031,13873,576,1224,1232,746,min,=opt=,576.9249159565619,576.9249159565619,0.5847928020911388,False,vars_out_of_range;cons_out_of_range;integer_ratio_too_low;too_many_nonzeros,
decomp2,/Users/cjx-mbp/Documents/benchmark/decomp2.mps.gz,14387,10765,64073,0.00041370501075844166,14387,0,0,1.0,1.0,14387,14387,470,5038,5257,min,=opt=,-160.0,-160,4.67591671611212,False,vars_out_of_range;cons_out_of_range;too_many_nonzeros,
drayage-100-23,/Users/cjx-mbp/Documents/benchmark/drayage-100-23.mps.gz,11090,4630,41550,0.0008092048758732304,11025,11025,65,0.9941388638412985,0.9970694319206492,11090,11025,210,4355,65,min,=opt=,103333.87407,103333.87407,4.64546562875511,False,vars_out_of_range;cons_out_of_range,
drayage-25-23,/Users/cjx-mbp/Documents/benchmark/drayage-25-23.mps.gz,11090,4630,41550,0.0008092048758732304,11025,11025,65,0.9941388638412985,0.9970694319206492,11090,11025,210,4355,65,min,=opt=,101282.647018,101282.647018,4.64546562875511,False,vars_out_of_range;cons_out_of_range,
dws008-01,/Users/cjx-mbp/Documents/benchmark/dws008-01.mps.gz,11096,6064,56400,0.0008382112073475335,6608,0,4488,0.5955299206921413,0.9987382840663303,11096,11068,513,623,4928,min,=opt=,37412.60458794508,37412.60458794508,3.4368159007595978,False,vars_out_of_range;cons_out_of_range,
eil33-2,/Users/cjx-mbp/Documents/benchmark/eil33-2.mps.gz,4516,32,44243,0.30615450620017715,4516,0,0,1.0,1.0,4516,4516,32,0,0,min,=opt=,934.007915999999,934.007915999999,3.5000000000000004,False,vars_out_of_range;cons_out_of_range;too_dense,
eilA101-2,/Users/cjx-mbp/Documents/benchmark/eilA101-2.mps.gz,65832,100,959373,0.14573049580751002,65832,0,0,1.0,1.0,65832,65832,100,0,0,min,=opt=,880.9201079999999,880.9201079999999,3.5000000000000004,False,vars_out_of_range;too_many_nonzeros;too_dense,
enlight_hard,/Users/cjx-mbp/Documents/benchmark/enlight_hard.mps.gz,200,100,560,0.028,200,0,0,1.0,0.75,200,100,100,0,0,min,=opt=,37.0,37,3.8269999999999995,True,,
ex10,/Users/cjx-mbp/Documents/benchmark/ex10.mps.gz,17680,69608,1162000,0.0009442015558621493,17680,0,0,1.0,1.0,17680,17680,200,0,69408,min,=opt=,100.0,100,4.683743481921514,False,vars_out_of_range;cons_out_of_range;too_many_nonzeros,
ex9,/Users/cjx-mbp/Documents/benchmark/ex9.mps.gz,10404,40962,517112,0.0012133975655571922,10404,0,0,1.0,1.0,10404,10404,162,0,40800,min,=opt=,81.0,81,4.679003684944933,False,vars_out_of_range;cons_out_of_range;too_many_nonzeros,
exp-1-500-5-5,/Users/cjx-mbp/Documents/benchmark/exp-1-500-5-5.mps.gz,990,550,1980,0.0036363636363636364,250,0,740,0.25252525252525254,1.0,990,990,250,0,300,min,=opt=,65887.0,65887,2.5938257575757584,False,integer_ratio_too_low,
fast0507,/Users/cjx-mbp/Documents/benchmark/fast0507.mps.gz,63009,507,409349,0.012813954789276997,63009,0,0,1.0,1.0,63009,63009,0,507,0,min,=opt=,174.0,174,4.494976723371568,False,vars_out_of_range;too_many_nonzeros,
fastxgemm-n2r6s0t2,/Users/cjx-mbp/Documents/benchmark/fastxgemm-n2r6s0t2.mps.gz,784,5998,19376,0.0041204210927452,48,0,736,0.061224489795918366,1.0,784,784,144,1598,4256,min,=opt=,230.0,230,1.8797149594082379,False,cons_out_of_range;integer_ratio_too_low,
fhnw-binpack4-4,/Users/cjx-mbp/Documents/benchmark/fhnw-binpack4-4.mps.gz,520,620,2332,0.007233250620347394,481,481,39,0.925,1.0,520,520,0,468,152,min,=inf=,,,4.594267990074441,False,unknown_reference,
fhnw-binpack4-48,/Users/cjx-mbp/Documents/benchmark/fhnw-binpack4-48.mps.gz,3710,4480,17290,0.0010402628032345014,3605,3605,105,0.9716981132075472,1.0,3710,3710,0,3570,910,min,=opt=,0.0,0,4.634700134770889,False,vars_out_of_range;cons_out_of_range,
fiball,/Users/cjx-mbp/Documents/benchmark/fiball.mps.gz,34219,3707,104792,0.0008261106658295718,34218,0,1,0.9999707764692131,0.9999707764692131,34218,34218,3229,0,478,min,=opt=,138.0,138,4.338214207187803,False,vars_out_of_range;cons_out_of_range;too_many_nonzeros,
gen-ip002,/Users/cjx-mbp/Documents/benchmark/gen-ip002.mps.gz,41,24,922,0.9369918699186992,41,0,0,1.0,0.5,41,0,0,0,24,min,=opt=,-4783.733392,-4783.733392,3.3948750000000003,False,vars_out_of_range;cons_out_of_range;too_dense,
gen-ip054,/Users/cjx-mbp/Documents/benchmark/gen-ip054.mps.gz,30,27,532,0.6567901234567901,30,0,0,1.0,0.5,30,0,0,0,27,min,=opt=,6840.96564179,6840.96564179,3.39625,False,vars_out_of_range;cons_out_of_range;too_dense,
germanrr,/Users/cjx-mbp/Documents/benchmark/germanrr.mps.gz,10813,10779,175547,0.0015061517720553785,10574,0,239,0.9778969758623879,0.9944048830111902,10812,10693,239,0,10540,min,=opt=,47095869.649,47095869.649,4.589533167937798,False,vars_out_of_range;cons_out_of_range;too_many_nonzeros,
gfd-schedulen180f7d50m30k18,/Users/cjx-mbp/Documents/benchmark/gfd-schedulen180f7d50m30k18.mps.gz,227535,457985,1233372,1.1835718307385275e-05,194433,0,33102,0.8545190849759378,1.0,227535,227535,75216,0,382769,min,=opt=,1.0,1,4.197674902223721,False,vars_out_of_range;cons_out_of_range;too_many_nonzeros,
glass-sc,/Users/cjx-mbp/Documents/benchmark/glass-sc.mps.gz,214,6119,63918,0.048812263930487695,214,0,0,1.0,1.0,214,214,0,6119,0,min,=opt=,23.0,23,3.9819323485407683,False,cons_out_of_range;too_many_nonzeros,
glass4,/Users/cjx-mbp/Documents/benchmark/glass4.mps.gz,322,396,1815,0.014233954451345756,302,0,20,0.937888198757764,0.984472049689441,322,312,36,360,0,min,=opt=,1200012599.972384,1200012599.972384,4.678251788067006,True,,/Users/cjx-mbp/Documents/我的坚果云/科研/论文/2026_Quantum_Solver/Plan 1/data/miplib2017_sec/instances/glass4.mps.gz
gmu-35-40,/Users/cjx-mbp/Documents/benchmark/gmu-35-40.mps.gz,1205,424,4843,0.009478979096531746,1200,0,5,0.995850622406639,0.9979253112033195,1205,1200,5,8,411,min,=opt=,-2406733.3688,-2406733.3688,4.8763968429499736,True,,/Users/cjx-mbp/Documents/我的坚果云/科研/论文/2026_Quantum_Solver/Plan 1/data/miplib2017_sec/instances/gmu-35-40.mps.gz
gmu-35-50,/Users/cjx-mbp/Documents/benchmark/gmu-35-50.mps.gz,1919,435,8643,0.010353812150725054,1914,0,5,0.9973944762897342,0.9986972381448671,1919,1914,5,8,422,min,=opt=,-2607958.33,-2607958.33,4.779444209597911,True,,/Users/cjx-mbp/Documents/我的坚果云/科研/论文/2026_Quantum_Solver/Plan 1/data/miplib2017_sec/instances/gmu-35-50.mps.gz
graph20-20-1rand,/Users/cjx-mbp/Documents/benchmark/graph20-20-1rand.mps.gz,2183,5587,19277,0.001580545637117643,2183,0,0,1.0,1.0,2183,2183,74,2738,2775,min,=opt=,-9.0,-9,4.770341827989657,False,cons_out_of_range,
graphdraw-domain,/Users/cjx-mbp/Documents/benchmark/graphdraw-domain.mps.gz,254,865,2600,0.011833780892995312,200,0,54,0.7874015748031497,0.9212598425196851,234,234,45,340,480,min,=opt=,19685.99997550038,19685.99997550038,4.132788952320267,True,,
h80x6320d,/Users/cjx-mbp/Documents/benchmark/h80x6320d.mps.gz,12640,6558,31521,0.00038026075022872826,6320,6320,6320,0.5,0.75,12640,6320,227,0,6331,min,=opt=,6382.099048245999,6382.099048245999,2.680070143336383,False,vars_out_of_range;cons_out_of_range,
highschool1-aigio,/Users/cjx-mbp/Documents/benchmark/highschool1-aigio.mps.gz,320404,92568,1562168,5.267068026038093e-05,320404,319686,0,1.0,0.9988795395812786,320404,319686,51867,532,40169,min,=opt=,0.0,0,4.472791380686999,False,vars_out_of_range;cons_out_of_range;too_many_nonzeros,
hypothyroid-k1,/Users/cjx-mbp/Documents/benchmark/hypothyroid-k1.mps.gz,2602,5195,433884,0.032098208307964775,2602,0,0,1.0,1.0,2602,2602,3,0,5192,min,=opt=,-2851.0,-2851,4.3151262471633105,False,cons_out_of_range;too_many_nonzeros,
ic97_potential,/Users/cjx-mbp/Documents/benchmark/ic97_potential.mps.gz,728,1046,3138,0.004120879120879121,523,0,205,0.7184065934065934,1.0,728,728,0,523,523,min,=opt=,3941.99993090225,3941.99993090225,4.198285714285714,True,,/Users/cjx-mbp/Documents/我的坚果云/科研/论文/2026_Quantum_Solver/Plan 1/data/miplib2017_sec/instances/ic97_potential.mps.gz
icir97_tension,/Users/cjx-mbp/Documents/benchmark/icir97_tension.mps.gz,2494,1203,22333,0.007443633631771947,835,0,1659,0.33480352846832395,1.0,2494,2494,1203,0,0,min,=opt=,6375.0,6375,2.373562447296621,True,,
irish-electricity,/Users/cjx-mbp/Documents/benchmark/irish-electricity.mps.gz,61728,104259,523257,8.130538036651963e-05,9888,9888,51840,0.16018662519440124,0.6640746500777605,61728,20256,10537,36195,57527,min,=opt=,3723497.591396,3723497.591396,1.46698204347747,False,vars_out_of_range;cons_out_of_range;integer_ratio_too_low;too_many_nonzeros,
irp,/Users/cjx-mbp/Documents/benchmark/irp.mps.gz,20315,39,98254,0.12401345475428666,20315,0,0,1.0,1.0,20315,20315,39,0,0,min,=opt=,12159.49283539698,12159.49283539698,3.5000000000000004,False,vars_out_of_range;cons_out_of_range;too_many_nonzeros;too_dense,
istanbul-no-cutoff,/Users/cjx-mbp/Documents/benchmark/istanbul-no-cutoff.mps.gz,5282,20346,71477,0.00066510295775548,30,0,5252,0.005679666792881484,1.0,5282,5282,221,10062,10063,min,=opt=,204.08170701,204.08170701,1.7020525186890791,False,vars_out_of_range;cons_out_of_range;integer_ratio_too_low;too_many_nonzeros,
k1mushroom,/Users/cjx-mbp/Documents/benchmark/k1mushroom.mps.gz,8211,16419,1697946,0.012594505465577265,8211,0,0,1.0,1.0,8211,8211,1,0,16418,min,=opt=,-3288.0,-3288,4.498463550531152,False,vars_out_of_range;cons_out_of_range;too_many_nonzeros,
lectsched-5-obj,/Users/cjx-mbp/Documents/benchmark/lectsched-5-obj.mps.gz,21805,38884,239608,0.00028260138676220885,21805,0,0,1.0,1.0,21805,21805,1239,0,37645,min,=opt=,24.0,24,4.682732775507515,False,vars_out_of_range;cons_out_of_range;too_many_nonzeros,
leo1,/Users/cjx-mbp/Documents/benchmark/leo1.mps.gz,6731,593,131218,0.03287449802491956,6730,6730,1,0.9998514336651315,0.9998514336651315,6730,6730,1,155,437,min,=opt=,404227536.16,404227536.16,4.172590663670621,False,vars_out_of_range;too_many_nonzeros,
leo2,/Users/cjx-mbp/Documents/benchmark/leo2.mps.gz,11100,593,219959,0.03341673882989229,11099,11099,1,0.9999099099099099,0.9999099099099099,11099,11099,1,155,437,min,=opt=,404077441.12,404077441.12,4.16420719201495,False,vars_out_of_range;too_many_nonzeros,
lotsize,/Users/cjx-mbp/Documents/benchmark/lotsize.mps.gz,2985,1920,6565,0.0011454843662758235,1195,0,1790,0.40033500837520936,0.7001675041876047,2985,1195,600,0,1320,min,=opt=,1480195.0,1480195,2.2848872836404244,True,,
mad,/Users/cjx-mbp/Documents/benchmark/mad.mps.gz,220,51,2808,0.25026737967914436,200,0,20,0.9090909090909091,0.9545454545454546,220,200,30,11,10,min,=opt=,0.0268,0.0268,3.7735695187165783,False,too_dense,
map10,/Users/cjx-mbp/Documents/benchmark/map10.mps.gz,164547,328818,549920,1.0163749732205701e-05,146,0,164401,0.0008872844840683816,1.0,164547,164547,118493,164400,45925,min,=opt=,-495.0,-495,1.5583550564345507,False,vars_out_of_range;cons_out_of_range;integer_ratio_too_low;too_many_nonzeros,
map16715-04,/Users/cjx-mbp/Documents/benchmark/map16715-04.mps.gz,164547,328818,549920,1.0163749732205701e-05,146,0,164401,0.0008872844840683816,1.0,164547,164547,118493,164400,45925,min,=opt=,-111.0,-111,1.5583550564345507,False,vars_out_of_range;cons_out_of_range;integer_ratio_too_low;too_many_nonzeros,
markshare2,/Users/cjx-mbp/Documents/benchmark/markshare2.mps.gz,74,7,434,0.8378378378378378,60,0,14,0.8108108108108109,0.9527027027027027,74,67,7,0,0,min,=opt=,1.0,1,3.328587837837838,False,vars_out_of_range;cons_out_of_range;too_dense,
markshare_4_0,/Users/cjx-mbp/Documents/benchmark/markshare_4_0.mps.gz,34,4,123,0.9044117647058824,30,0,4,0.8823529411764706,0.9411764705882353,34,30,4,0,0,min,=opt=,1.0,1,3.525161764705883,False,vars_out_of_range;cons_out_of_range;too_dense,
mas74,/Users/cjx-mbp/Documents/benchmark/mas74.mps.gz,151,13,1706,0.869077941925624,150,0,1,0.9933774834437086,1.0,151,151,0,12,1,min,=opt=,11801.18572,11801.18572,4.361257450331125,False,cons_out_of_range;too_dense,
mas76,/Users/cjx-mbp/Documents/benchmark/mas76.mps.gz,151,12,1640,0.9050772626931567,150,0,1,0.9933774834437086,1.0,151,151,0,11,1,min,=opt=,40005.05398999999,40005.05398999999,4.361257450331125,False,cons_out_of_range;too_dense,
mc11,/Users/cjx-mbp/Documents/benchmark/mc11.mps.gz,3040,1920,6080,0.0010416666666666667,1520,1520,1520,0.5,0.75,3040,1520,400,0,1520,min,=opt=,11688.99999999966,11688.99999999966,2.72,False,vars_out_of_range,
mcsched,/Users/cjx-mbp/Documents/benchmark/mcsched.mps.gz,1747,2107,8088,0.0021972713953461206,1745,0,2,0.9988551803091014,0.9988551803091014,1745,1745,202,0,1905,min,=opt=,211913.0,211913,4.902396196619114,True,,/Users/cjx-mbp/Documents/我的坚果云/科研/论文/2026_Quantum_Solver/Plan 1/data/miplib2017_sec/instances/mcsched.mps.gz
mik-250-20-75-4,/Users/cjx-mbp/Documents/benchmark/mik-250-20-75-4.mps.gz,270,195,9270,0.17606837606837608,250,0,20,0.9259259259259259,0.9629629629629629,270,250,0,0,195,min,=opt=,-52301.0,-52301,4.069953703703703,False,too_dense,
milo-v12-6-r2-40-1,/Users/cjx-mbp/Documents/benchmark/milo-v12-6-r2-40-1.mps.gz,2688,5628,14604,0.0009653581581886486,840,0,1848,0.3125,0.3515625,1050,840,1008,2520,2100,min,=opt=,326481.14282799,326481.14282799,1.3515374784242056,False,cons_out_of_range,
momentum1,/Users/cjx-mbp/Documents/benchmark/momentum1.mps.gz,5174,42680,103198,0.0004673265396987098,2349,0,2825,0.4540007730962505,0.9730382682643989,5174,4895,558,4615,37507,min,=opt=,109143.4935,109143.4935,2.9953720154372903,False,vars_out_of_range;cons_out_of_range;too_many_nonzeros,
mushroom-best,/Users/cjx-mbp/Documents/benchmark/mushroom-best.mps.gz,8468,8580,188735,0.002597671970605367,8355,0,113,0.9866556447803495,1.0,8468,8468,4,8576,0,min,=opt=,0.0553337612,0.0553337612,4.618217702624883,False,vars_out_of_range;cons_out_of_range;too_many_nonzeros,
mzzv11,/Users/cjx-mbp/Documents/benchmark/mzzv11.mps.gz,10240,9499,134603,0.0013838113715917465,10240,0,0,1.0,1.0,10240,10240,3372,273,5854,min,=opt=,-21718.0,-21718,4.535865123960416,False,vars_out_of_range;cons_out_of_range;too_many_nonzeros,
mzzv42z,/Users/cjx-mbp/Documents/benchmark/mzzv42z.mps.gz,11717,10460,151261,0.001234180990148321,11717,0,0,1.0,1.0,11717,11717,4502,232,5726,min,=opt=,-20540.0,-20540,4.508092492302943,False,vars_out_of_range;cons_out_of_range;too_many_nonzeros,
n2seq36q,/Users/cjx-mbp/Documents/benchmark/n2seq36q.mps.gz,22480,2565,183292,0.0031787753289907253,22480,0,0,1.0,1.0,22480,22480,0,2280,285,min,=opt=,52200.0,52200,4.649139594736148,False,vars_out_of_range;cons_out_of_range;too_many_nonzeros,
n3div36,/Users/cjx-mbp/Documents/benchmark/n3div36.mps.gz,22120,4484,340740,0.0034353610909918005,22120,0,0,1.0,1.0,22120,22120,0,60,4424,min,=opt=,130800.0,130800,4.6450342225441315,False,vars_out_of_range;cons_out_of_range;too_many_nonzeros,
n5-3,/Users/cjx-mbp/Documents/benchmark/n5-3.mps.gz,2550,1062,9900,0.0036556995679627785,150,0,2400,0.058823529411764705,0.5294117647058824,2550,150,962,0,100,min,=opt=,8104.999999993999,8104.999999993999,0.6957177079871498,False,integer_ratio_too_low,
neos-1122047,/Users/cjx-mbp/Documents/benchmark/neos-1122047.mps.gz,5100,57791,163640,0.0005552123083145113,100,0,5000,0.0196078431372549,0.5099019607843137,5100,101,0,57791,0,min,=opt=,161.0,161,0.7697440540473599,False,vars_out_of_range;cons_out_of_range;integer_ratio_too_low;too_many_nonzeros,
neos-1171448,/Users/cjx-mbp/Documents/benchmark/neos-1171448.mps.gz,4914,13206,131859,0.0020319046897874704,2457,0,2457,0.5,0.75,4914,2457,0,0,13206,min,=opt=,-309.0,-309,2.6674895249634005,False,vars_out_of_range;cons_out_of_range;too_many_nonzeros,
neos-1171737,/Users/cjx-mbp/Documents/benchmark/neos-1171737.mps.gz,2340,4179,58620,0.005994563783508507,1170,0,1170,0.5,0.75,2340,1170,0,0,4179,min,=opt=,-195.0,-195,2.8055869794638637,False,cons_out_of_range,
neos-1354092,/Users/cjx-mbp/Documents/benchmark/neos-1354092.mps.gz,13702,3135,187187,0.004357668364459536,13702,13223,0,1.0,1.0,13702,13702,2309,0,826,min,=opt=,46.0,46,4.335668055769923,False,vars_out_of_range;cons_out_of_range;too_many_nonzeros,
neos-1445765,/Users/cjx-mbp/Documents/benchmark/neos-1445765.mps.gz,20617,2147,40230,0.000908850639648538,2150,0,18467,0.10428287335693845,1.0,20617,20617,2146,0,1,min,=opt=,-17783.0,-17783,1.5984933163105886,False,vars_out_of_range;integer_ratio_too_low,
neos-1456979,/Users/cjx-mbp/Documents/benchmark/neos-1456979.mps.gz,4605,6770,36440,0.001168853455479161,4425,0,180,0.9609120521172638,1.0,4605,4605,215,4070,2485,min,=opt=,176.0,176,4.551331399143889,False,vars_out_of_range;cons_out_of_range,
neos-1582420,/Users/cjx-mbp/Documents/benchmark/neos-1582420.mps.gz,10100,10180,24814,0.00024133906514423544,10100,0,0,1.0,1.0,10100,10100,1,79,10100,min,=opt=,90.99999999999996,90.99999999999996,4.6960992822268475,False,vars_out_of_range;cons_out_of_range,
neos-2075418-temuka,/Users/cjx-mbp/Documents/benchmark/neos-2075418-temuka.mps.gz,122304,349602,7610261,0.0001779856471444028,122304,0,0,1.0,1.0,122304,122304,0,77028,272574,min,=inf=,,,4.49715222964569,False,unknown_reference;vars_out_of_range;cons_out_of_range;too_many_nonzeros,
neos-2657525-crna,/Users/cjx-mbp/Documents/benchmark/neos-2657525-crna.mps.gz,524,342,1690,0.009430382572206597,524,0,0,1.0,1.0,524,524,254,30,58,min,=opt=,1.810748,1.810748,4.686537855452882,True,,/Users/cjx-mbp/Documents/我的坚果云/科研/论文/2026_Quantum_Solver/Plan 1/data/miplib2017_sec/instances/neos-2657525-crna.mps.gz
neos-2746589-doon,/Users/cjx-mbp/Documents/benchmark/neos-2746589-doon.mps.gz,50936,31530,271072,0.00016878577899613308,50928,0,8,0.999842940160201,0.998782786241558,50932,50816,16258,0,15272,min,=opt=,2008.199999999999,2008.199999999999,4.488139459573679,False,vars_out_of_range;cons_out_of_range;too_many_nonzeros,
neos-2978193-inde,/Users/cjx-mbp/Documents/benchmark/neos-2978193-inde.mps.gz,20800,396,41600,0.005050505050505051,64,0,20736,0.003076923076923077,1.0,20800,20800,332,0,64,min,=opt=,-2.38806169,-2.38806169,1.2930691530691532,False,vars_out_of_range;integer_ratio_too_low,
neos-2987310-joes,/Users/cjx-mbp/Documents/benchmark/neos-2987310-joes.mps.gz,27837,29015,580291,0.0007184570828613937,3051,0,24786,0.1096023278370514,1.0,27837,27837,9342,12393,7280,min,=opt=,-607702988.3,-607702988.3,1.8885231125427735,False,vars_out_of_range;cons_out_of_range;integer_ratio_too_low;too_many_nonzeros,
neos-3004026-krka,/Users/cjx-mbp/Documents/benchmark/neos-3004026-krka.mps.gz,17030,12545,41860,0.00019593585230574513,17030,0,0,1.0,1.0,17030,17030,4225,0,8320,min,=opt=,0.0,0,4.562150000456373,False,vars_out_of_range;cons_out_of_range,
neos-3024952-loue,/Users/cjx-mbp/Documents/benchmark/neos-3024952-loue.mps.gz,3255,3705,17310,0.00143535016200551,3255,0,0,1.0,1.0,3255,3255,105,3180,420,min,=opt=,26756.0,26756,4.758823365019247,False,vars_out_of_range;cons_out_of_range,
neos-3046615-murg,/Users/cjx-mbp/Documents/benchmark/neos-3046615-murg.mps.gz,274,498,1266,0.009277987863864216,256,0,18,0.9343065693430657,0.9343065693430657,272,240,240,240,18,min,=opt=,1600.0,1600,4.494742527984724,True,,/Users/cjx-mbp/Documents/我的坚果云/科研/论文/2026_Quantum_Solver/Plan 1/data/miplib2017_sec/instances/neos-3046615-murg.mps.gz
neos-3083819-nubu,/Users/cjx-mbp/Documents/benchmark/neos-3083819-nubu.mps.gz,8644,4725,24048,0.0005887926665344527,8644,0,0,1.0,1.0,8644,8644,4719,0,6,min,=opt=,6307996.0,6307996,4.2910872538433855,False,vars_out_of_range;cons_out_of_range,
neos-3216931-puriri,/Users/cjx-mbp/Documents/benchmark/neos-3216931-puriri.mps.gz,3555,5989,91691,0.004306582696500077,3268,0,287,0.9192686357243319,0.9911392405063291,3555,3492,579,0,5410,min,=opt=,71320.0,71320,4.388133168397806,False,vars_out_of_range;cons_out_of_range;too_many_nonzeros,
neos-3381206-awhea,/Users/cjx-mbp/Documents/benchmark/neos-3381206-awhea.mps.gz,2375,479,4275,0.0037578288100208767,2375,0,0,1.0,1.0,2375,2375,4,0,475,min,=opt=,453.0,453,4.839659446764092,True,,
neos-3402294-bobin,/Users/cjx-mbp/Documents/benchmark/neos-3402294-bobin.mps.gz,2904,591076,2034888,0.0011854973104380195,2616,0,288,0.9008264462809917,0.9504132231404959,2904,2616,208,46632,544236,min,=opt=,0.06724999999999949,0.06724999999999949,4.284197067916313,False,cons_out_of_range;too_many_nonzeros,
neos-3402454-bohle,/Users/cjx-mbp/Documents/benchmark/neos-3402454-bohle.mps.gz,2904,2897380,8953800,0.001064156052298945,2616,0,288,0.9008264462809917,0.9504132231404959,2904,2616,208,46632,2850540,min,=inf=,,,4.086250572688955,False,unknown_reference;cons_out_of_range;too_many_nonzeros,
neos-3555904-turama,/Users/cjx-mbp/Documents/benchmark/neos-3555904-turama.mps.gz,37461,146493,793605,0.00014461327316332205,37461,37461,0,1.0,1.0,37461,37461,3,0,146490,min,=opt=,-34.7,-34.7,4.697677996111703,False,vars_out_of_range;cons_out_of_range;too_many_nonzeros,
neos-3627168-kasai,/Users/cjx-mbp/Documents/benchmark/neos-3627168-kasai.mps.gz,1462,1655,5158,0.0021317485049243473,535,0,927,0.36593707250341995,0.6819425444596443,1459,535,465,0,1190,min,=opt=,988585.6199999998,988585.6199999998,2.3324516234021186,True,,
neos-3656078-kumeu,/Users/cjx-mbp/Documents/benchmark/neos-3656078-kumeu.mps.gz,14870,17656,59292,0.0002258358118952078,14210,0,660,0.9556153328850033,0.9587424344317418,14278,14235,5373,5237,7046,min,=opt=,-13172.2,-13172.2,4.35899116919967,False,vars_out_of_range;cons_out_of_range,
neos-3754480-nidda,/Users/cjx-mbp/Documents/benchmark/neos-3754480-nidda.mps.gz,253,402,1488,0.014630405285823845,50,0,203,0.1976284584980237,0.5988142292490118,253,50,0,100,302,min,=opt=,12939.7540104743,12939.7540104743,1.724802349418913,False,integer_ratio_too_low,
neos-3988577-wolgan,/Users/cjx-mbp/Documents/benchmark/neos-3988577-wolgan.mps.gz,25870,44662,350350,0.0003032267602847879,25870,0,0,1.0,1.0,25870,25870,66,17166,27430,min,=inf=,,,4.494557265301926,False,unknown_reference;vars_out_of_range;cons_out_of_range;too_many_nonzeros,
neos-4300652-rahue,/Users/cjx-mbp/Documents/benchmark/neos-4300652-rahue.mps.gz,33003,76992,183616,7.22622535964828e-05,20900,0,12103,0.6332757628094415,0.8166378814047208,33003,20900,6102,27664,43226,min,=opt=,2.1416,2.1416,3.2002448601677536,False,vars_out_of_range;cons_out_of_range;too_many_nonzeros,
neos-4338804-snowy,/Users/cjx-mbp/Documents/benchmark/neos-4338804-snowy.mps.gz,1344,1701,6342,0.002774103468547913,1302,0,42,0.96875,0.984375,1344,1302,0,441,1260,min,=opt=,1471.0,1471,4.862614344503234,True,,
neos-4387871-tavua,/Users/cjx-mbp/Documents/benchmark/neos-4387871-tavua.mps.gz,4004,4554,23496,0.0012885665059578103,2000,0,2004,0.4995004995004995,0.7497502497502497,4004,2000,554,2000,2000,min,=opt=,33.384729927,33.384729927,2.6287244156809373,False,vars_out_of_range;cons_out_of_range,
neos-4413714-turia,/Users/cjx-mbp/Documents/benchmark/neos-4413714-turia.mps.gz,190402,2303,761756,0.0017372024762307534,190201,0,201,0.9989443388199704,0.9994695433871493,190401,190201,1150,952,201,min,=opt=,45.3701670199998,45.3701670199998,4.46823739335833,False,vars_out_of_range;too_many_nonzeros,
neos-4532248-waihi,/Users/cjx-mbp/Documents/benchmark/neos-4532248-waihi.mps.gz,86842,167322,525339,3.615403541902704e-05,86841,0,1,0.9999884848345271,0.9999942424172635,86842,86841,573,83375,83374,min,=opt=,61.59999999999999,61.59999999999999,4.698005660879627,False,vars_out_of_range;cons_out_of_range;too_many_nonzeros,
neos-4647030-tutaki,/Users/cjx-mbp/Documents/benchmark/neos-4647030-tutaki.mps.gz,12600,8382,3953388,0.03743270727522696,7000,0,5600,0.5555555555555556,0.9444444444444444,12600,11200,2800,2788,2794,min,=opt=,27265.70599999996,27265.70599999996,2.523012577973208,False,vars_out_of_range;cons_out_of_range;too_many_nonzeros,
neos-4722843-widden,/Users/cjx-mbp/Documents/benchmark/neos-4722843-widden.mps.gz,77723,113555,311529,3.529739573039719e-05,73369,0,4354,0.9439805462990363,0.9721060689885876,77721,73389,2795,36994,73766,min,=opt=,25009.662227,25009.662227,4.46574356920087,False,vars_out_of_range;cons_out_of_range;too_many_nonzeros,
neos-4738912-atrato,/Users/cjx-mbp/Documents/benchmark/neos-4738912-atrato.mps.gz,6216,1947,19521,0.0016129655960164435,6216,0,0,1.0,1.0,6216,6216,720,120,1107,min,=opt=,283627956.595,283627956.595,4.526272673730301,False,vars_out_of_range,
neos-4763324-toguru,/Users/cjx-mbp/Documents/benchmark/neos-4763324-toguru.mps.gz,53593,106954,266805,4.6546696544615014e-05,53592,0,1,0.9999813408467524,0.9999906704233762,53593,53592,232,0,106722,min,=opt=,1613.03884585,1613.03884585,4.6983129535087835,False,vars_out_of_range;cons_out_of_range;too_many_nonzeros,
neos-4954672-berkel,/Users/cjx-mbp/Documents/benchmark/neos-4954672-berkel.mps.gz,1533,1848,8007,0.0028263484721410357,630,0,903,0.410958904109589,0.7054794520547946,1533,630,525,0,1323,min,=opt=,2612710.0,2612710,2.4933526772477363,True,,/Users/cjx-mbp/Documents/我的坚果云/科研/论文/2026_Quantum_Solver/Plan 1/data/miplib2017_sec/instances/neos-4954672-berkel.mps.gz
neos-5049753-cuanza,/Users/cjx-mbp/Documents/benchmark/neos-5049753-cuanza.mps.gz,242736,322248,1440672,1.841792473721425e-05,8304,0,234432,0.034210005932370974,0.5171050029661854,242736,8304,78768,3552,239928,min,=opt=,561.9999971689,561.9999971689,0.7387721932679403,False,vars_out_of_range;cons_out_of_range;integer_ratio_too_low;too_many_nonzeros,
neos-5052403-cygnet,/Users/cjx-mbp/Documents/benchmark/neos-5052403-cygnet.mps.gz,32868,38268,4898304,0.0038943653401484726,32868,0,0,1.0,1.0,32868,32868,0,19134,19134,min,=opt=,182.0,182,4.637690154557625,False,vars_out_of_range;cons_out_of_range;too_many_nonzeros,
neos-5093327-huahum,/Users/cjx-mbp/Documents/benchmark/neos-5093327-huahum.mps.gz,40640,51840,784768,0.00037249684067269367,64,0,40576,0.0015748031496062992,0.5007874015748032,40640,64,49792,0,2048,min,=opt=,6259.999997125895,6259.999997125895,0.3161417322834644,False,vars_out_of_range;cons_out_of_range;integer_ratio_too_low;too_many_nonzeros,
neos-5104907-jarama,/Users/cjx-mbp/Documents/benchmark/neos-5104907-jarama.mps.gz,345856,489818,2053548,1.2122014622878748e-05,9520,0,336336,0.027525906735751296,0.5137629533678757,345856,9520,146804,3696,339318,min,=opt=,935.0,935,0.6900251461698677,False,vars_out_of_range;cons_out_of_range;integer_ratio_too_low;too_many_nonzeros,
neos-5107597-kakapo,/Users/cjx-mbp/Documents/benchmark/neos-5107597-kakapo.mps.gz,3114,6498,19392,0.0009583503090620443,2976,0,138,0.9556840077071291,0.9778420038535646,3114,2976,69,6429,0,min,=opt=,3644.99999999952,3644.99999999952,4.539012107983511,False,vars_out_of_range;cons_out_of_range,
neos-5114902-kasavu,/Users/cjx-mbp/Documents/benchmark/neos-5114902-kasavu.mps.gz,710164,961170,4240376,6.212201120287336e-06,14560,0,695604,0.020502306509482315,0.5102511532547411,710164,14560,254996,7644,698530,min,=opt=,655.0,655,0.6757908300188976,False,vars_out_of_range;cons_out_of_range;integer_ratio_too_low;too_many_nonzeros,
neos-5188808-nattai,/Users/cjx-mbp/Documents/benchmark/neos-5188808-nattai.mps.gz,14544,29452,133686,0.0003120953308151676,288,0,14256,0.019801980198019802,0.5099009900990099,14544,288,5690,9504,14258,min,=opt=,0.110283622999984,0.110283622999984,0.6969361121906026,False,vars_out_of_range;cons_out_of_range;integer_ratio_too_low;too_many_nonzeros,
neos-5195221-niemur,/Users/cjx-mbp/Documents/benchmark/neos-5195221-niemur.mps.gz,14546,42256,176586,0.0002872925089050168,9792,0,4754,0.673174755946652,0.836587377973326,14546,9792,5690,9636,26930,min,=opt=,0.0038354326,0.0038354326,3.3342401702249687,False,vars_out_of_range;cons_out_of_range;too_many_nonzeros,
neos-631710,/Users/cjx-mbp/Documents/benchmark/neos-631710.mps.gz,167056,169576,834166,2.9445980430220737e-05,167056,0,0,1.0,1.0,167056,167056,300,166500,2776,min,=opt=,203.0,203,4.698821217004536,False,vars_out_of_range;cons_out_of_range;too_many_nonzeros,
neos-662469,/Users/cjx-mbp/Documents/benchmark/neos-662469.mps.gz,18235,1085,200055,0.010111460843392523,18235,0,0,1.0,1.0,18235,18235,328,328,429,min,=opt=,184379.9999999999,184379.9999999999,4.4172949675195445,False,vars_out_of_range;too_many_nonzeros,
neos-787933,/Users/cjx-mbp/Documents/benchmark/neos-787933.mps.gz,236376,1897,298320,0.0006652910182554678,236376,0,0,1.0,1.0,236376,236376,0,133,1764,min,=opt=,30.0,30,4.689355343707913,False,vars_out_of_range;too_many_nonzeros,
neos-827175,/Users/cjx-mbp/Documents/benchmark/neos-827175.mps.gz,32504,14187,110790,0.0002402554147311999,21350,0,11154,0.6568422348018705,0.8284211174009353,32504,21350,10512,0,3675,min,=opt=,112.00152,112.00152,3.0271408390382666,False,vars_out_of_range;cons_out_of_range;too_many_nonzeros,
neos-848589,/Users/cjx-mbp/Documents/benchmark/neos-848589.mps.gz,550539,1484,1101078,0.0013477088948787063,747,0,549792,0.0013568521031207597,0.5006784260515604,550539,747,737,0,747,min,=opt=,2351.40309999697,2351.40309999697,0.4852117749893026,False,vars_out_of_range;integer_ratio_too_low;too_many_nonzeros,
neos-860300,/Users/cjx-mbp/Documents/benchmark/neos-860300.mps.gz,1385,850,384329,0.32646336801868764,1384,0,1,0.9992779783393502,0.9996389891696751,1385,1384,20,510,320,min,=opt=,3200.999999999998,3200.999999999998,4.214575148651519,False,too_many_nonzeros;too_dense,
neos-873061,/Users/cjx-mbp/Documents/benchmark/neos-873061.mps.gz,175288,93360,350576,2.1422450728363323e-05,87644,0,87644,0.5,1.0,175288,175288,0,5716,87644,min,=opt=,113.6562385063,113.6562385063,3.1996572407883463,False,vars_out_of_range;cons_out_of_range;too_many_nonzeros,
neos-911970,/Users/cjx-mbp/Documents/benchmark/neos-911970.mps.gz,888,107,3408,0.03586764334427886,840,0,48,0.9459459459459459,0.972972972972973,888,840,35,24,48,min,=opt=,54.76,54.76,4.168060368779996,True,,
neos-933966,/Users/cjx-mbp/Documents/benchmark/neos-933966.mps.gz,31762,12047,180618,0.0004720350823326686,27982,0,3780,0.880989862099364,0.940494931049682,31762,27982,0,3809,8238,min,=opt=,318.0,318,4.216406887080133,False,vars_out_of_range;cons_out_of_range;too_many_nonzeros,
neos-950242,/Users/cjx-mbp/Documents/benchmark/neos-950242.mps.gz,5760,34224,104160,0.0005283816425120773,5760,0,0,1.0,1.0,5760,5760,1632,2328,30264,min,=opt=,4.0,4,4.672471559918965,False,vars_out_of_range;cons_out_of_range;too_many_nonzeros,
neos-957323,/Users/cjx-mbp/Documents/benchmark/neos-957323.mps.gz,57756,3757,499656,0.0023026758389533804,57756,0,0,1.0,1.0,57756,57756,0,120,3637,min,=opt=,-237.7566815,-237.7566815,4.663157186576746,False,vars_out_of_range;cons_out_of_range;too_many_nonzeros,
neos-960392,/Users/cjx-mbp/Documents/benchmark/neos-960392.mps.gz,59376,4744,189503,0.0006727604807820331,59376,0,0,1.0,1.0,59376,59376,1575,121,3048,min,=opt=,-238.0,-238,4.5564365068437445,False,vars_out_of_range;cons_out_of_range;too_many_nonzeros,
neos17,/Users/cjx-mbp/Documents/benchmark/neos17.mps.gz,535,486,4931,0.018964655205569017,300,0,235,0.5607476635514018,0.9757009345794393,535,509,1,35,450,min,=opt=,0.1500025774,0.1500025774,3.4625123312564905,True,,
neos5,/Users/cjx-mbp/Documents/benchmark/neos5.mps.gz,63,63,2016,0.5079365079365079,53,0,10,0.8412698412698413,1.0,63,63,0,63,0,min,=opt=,15.0,15,3.9159345238095242,False,vars_out_of_range;too_dense,
neos8,/Users/cjx-mbp/Documents/benchmark/neos8.mps.gz,23228,46324,313180,0.00029105572720720463,23228,0,0,1.0,1.0,23228,23228,12,23232,23080,min,=opt=,-3719.0,-3719,4.695239490369693,False,vars_out_of_range;cons_out_of_range;too_many_nonzeros,
neos859080,/Users/cjx-mbp/Documents/benchmark/neos859080.mps.gz,160,164,1280,0.04878048780487805,160,0,0,1.0,1.0,160,160,43,0,121,min,=inf=,,,4.094634146341464,False,unknown_reference,
net12,/Users/cjx-mbp/Documents/benchmark/net12.mps.gz,14115,14021,80384,0.00040617177568498725,1603,0,12512,0.11356712716967765,1.0,14115,14115,552,12,13457,min,=opt=,214.0,214,2.018454826236936,False,vars_out_of_range;cons_out_of_range;integer_ratio_too_low;too_many_nonzeros,
netdiversion,/Users/cjx-mbp/Documents/benchmark/netdiversion.mps.gz,129180,119589,615282,3.982792636229776e-05,129180,0,0,1.0,1.0,129180,129180,20000,39792,59797,min,=opt=,242.0,242,4.632466968448838,False,vars_out_of_range;cons_out_of_range;too_many_nonzeros,
nexp-150-20-8-5,/Users/cjx-mbp/Documents/benchmark/nexp-150-20-8-5.mps.gz,20115,4620,42465,0.00045695045695045693,17880,0,2235,0.8888888888888888,0.9444444444444444,20115,17880,54,67,4499,min,=opt=,231.0,231,4.243569023569024,False,vars_out_of_range;cons_out_of_range,
ns1116954,/Users/cjx-mbp/Documents/benchmark/ns1116954.mps.gz,12648,131991,410582,0.0002459425829308863,7482,0,5166,0.5915559772296015,1.0,12648,12648,235,122640,9116,min,=opt=,0.0,0,3.4700206805927594,False,vars_out_of_range;cons_out_of_range;too_many_nonzeros,
ns1208400,/Users/cjx-mbp/Documents/benchmark/ns1208400.mps.gz,2883,4289,81746,0.006610979680291127,2880,0,3,0.9989594172736732,0.9989594172736732,2880,2880,339,1020,2930,min,=opt=,2.0,2,4.697030650233999,False,cons_out_of_range;too_many_nonzeros,
ns1644855,/Users/cjx-mbp/Documents/benchmark/ns1644855.mps.gz,40200,40698,2120696,0.0012962217268857443,10000,0,30200,0.24875621890547264,0.4975124378109453,20000,20000,10300,10199,20199,min,=opt=,-1524.33333333333,-1524.33333333333,1.3193205088616575,False,vars_out_of_range;cons_out_of_range;integer_ratio_too_low;too_many_nonzeros,
ns1760995,/Users/cjx-mbp/Documents/benchmark/ns1760995.mps.gz,17956,615388,1854012,0.0001677853046256898,17822,0,134,0.9925373134328358,0.9925373134328358,17822,17822,265,0,615123,min,=opt=,-549.21438505,-549.21438505,4.659829753237538,False,vars_out_of_range;cons_out_of_range;too_many_nonzeros,
ns1830653,/Users/cjx-mbp/Documents/benchmark/ns1830653.mps.gz,1629,2932,100933,0.021132366377819484,1458,0,171,0.8950276243093923,1.0,1629,1629,565,1620,747,min,=opt=,20622.0,20622,4.2604559483221625,False,cons_out_of_range;too_many_nonzeros,
ns1952667,/Users/cjx-mbp/Documents/benchmark/ns1952667.mps.gz,13264,41,335643,0.6171904880990908,13264,0,0,1.0,0.5,13264,0,41,0,0,min,=opt=,0.0,0,2.5000000000000004,False,vars_out_of_range;cons_out_of_range;too_many_nonzeros;too_dense,
nu25-pr12,/Users/cjx-mbp/Documents/benchmark/nu25-pr12.mps.gz,5868,2313,17712,0.0013049740198769824,5868,0,0,1.0,0.9969325153374233,5868,5832,2187,54,72,min,=opt=,53904.99999999999,53904.99999999999,4.294775329625298,False,vars_out_of_range,
nursesched-medium-hint03,/Users/cjx-mbp/Documents/benchmark/nursesched-medium-hint03.mps.gz,34248,14062,622800,0.0012932017852264428,34248,0,0,1.0,1.0,34248,34248,2782,1230,10050,min,=opt=,115.0,115,4.600173513293865,False,vars_out_of_range;cons_out_of_range;too_many_nonzeros,
nursesched-sprint02,/Users/cjx-mbp/Documents/benchmark/nursesched-sprint02.mps.gz,10250,3522,204000,0.00565089126189388,10250,0,0,1.0,1.0,10250,10250,1002,410,2110,min,=opt=,57.99999999999999,57.99999999999999,4.4957867619562055,False,vars_out_of_range;cons_out_of_range;too_many_nonzeros,
nw04,/Users/cjx-mbp/Documents/benchmark/nw04.mps.gz,87482,36,636666,0.20215777721893266,87482,0,0,1.0,1.0,87482,87482,36,0,0,min,=opt=,16862.0,16862,3.5000000000000004,False,vars_out_of_range;cons_out_of_range;too_many_nonzeros;too_dense,
opm2-z10-s4,/Users/cjx-mbp/Documents/benchmark/opm2-z10-s4.mps.gz,6250,160633,371240,0.0003697770694689136,6250,0,0,1.0,1.0,6250,6250,0,0,160633,min,=opt=,-33269.0,-33269,4.694083566888498,False,vars_out_of_range;cons_out_of_range;too_many_nonzeros,
p200x1188c,/Users/cjx-mbp/Documents/benchmark/p200x1188c.mps.gz,2376,1388,4752,0.001440922190201729,1188,1188,1188,0.5,1.0,2376,2376,200,0,1188,min,=opt=,15078.0,15078,3.322308357348703,True,,/Users/cjx-mbp/Documents/我的坚果云/科研/论文/2026_Quantum_Solver/Plan 1/data/miplib2017_sec/instances/p200x1188c.mps.gz
peg-solitaire-a3,/Users/cjx-mbp/Documents/benchmark/peg-solitaire-a3.mps.gz,4552,4587,28387,0.0013595290886638828,4552,0,0,1.0,1.0,4552,4552,1367,3220,0,min,=opt=,1.0,1,4.5590410815619755,False,vars_out_of_range;cons_out_of_range,
pg,/Users/cjx-mbp/Documents/benchmark/pg.mps.gz,2700,125,5200,0.015407407407407408,100,0,2600,0.037037037037037035,1.0,2700,2700,100,0,25,min,=opt=,-8674.34260712,-8674.34260712,1.4070925925925923,False,integer_ratio_too_low,
pg5_34,/Users/cjx-mbp/Documents/benchmark/pg5_34.mps.gz,2600,225,7700,0.013162393162393163,100,0,2500,0.038461538461538464,1.0,2600,2600,0,100,125,min,=opt=,-14339.35345,-14339.35345,1.7797863247863248,False,integer_ratio_too_low,
physiciansched3-3,/Users/cjx-mbp/Documents/benchmark/physiciansched3-3.mps.gz,79555,266227,1062479,5.0164995376111277e-05,72141,72141,7414,0.9068066117780152,0.9635786562755326,79554,73761,319,6567,259341,min,=opt=,2623271.326667,2623271.326667,4.346295217729327,False,vars_out_of_range;cons_out_of_range;too_many_nonzeros,
physiciansched6-2,/Users/cjx-mbp/Documents/benchmark/physiciansched6-2.mps.gz,111827,168336,480259,2.5512430510307632e-05,109346,109346,2481,0.9778139447539503,0.9950414479508527,111826,110719,5027,879,162430,min,=opt=,49324.0,49324,4.6111713739709534,False,vars_out_of_range;cons_out_of_range;too_many_nonzeros,
piperout-08,/Users/cjx-mbp/Documents/benchmark/piperout-08.mps.gz,10399,14589,44959,0.0002963463212304346,10375,0,24,0.9976920857774786,1.0,10399,10399,166,0,14423,min,=opt=,125054.9999999999,125054.9999999999,4.683783341869629,False,vars_out_of_range;cons_out_of_range,
piperout-27,/Users/cjx-mbp/Documents/benchmark/piperout-27.mps.gz,11659,18442,54662,0.00025422379520398543,11635,0,24,0.9979415044171884,1.0,11659,11659,158,0,18284,min,=opt=,8123.999999999973,8123.999999999973,4.686329972328757,False,vars_out_of_range;cons_out_of_range,
pk1,/Users/cjx-mbp/Documents/benchmark/pk1.mps.gz,86,45,915,0.2364341085271318,55,0,31,0.6395348837209303,0.8197674418604651,86,55,15,30,0,min,=opt=,11.0,11,2.8140562015503883,False,vars_out_of_range;cons_out_of_range;too_dense,
proteindesign121hz512p9,/Users/cjx-mbp/Documents/benchmark/proteindesign121hz512p9.mps.gz,159145,301,629449,0.013140172113669298,159145,0,0,1.0,1.0,159145,159145,301,0,0,min,=opt=,1473.0,1473,4.089757246181291,False,vars_out_of_range;too_many_nonzeros,
proteindesign122trx11p8,/Users/cjx-mbp/Documents/benchmark/proteindesign122trx11p8.mps.gz,127326,254,503427,0.015566310596359942,127326,0,0,1.0,1.0,127326,127326,254,0,0,min,=opt=,1747.0,1747,4.050939030458241,False,vars_out_of_range;too_many_nonzeros,
qap10,/Users/cjx-mbp/Documents/benchmark/qap10.mps.gz,4150,1820,18200,0.0024096385542168677,4150,0,0,1.0,1.0,4150,4150,1820,0,0,min,=opt=,339.9999999983871,339.9999999983871,4.26144578313253,False,vars_out_of_range,
radiationm18-12-05,/Users/cjx-mbp/Documents/benchmark/radiationm18-12-05.mps.gz,40623,40935,96149,5.781998626552072e-05,25935,0,14688,0.6384314304704232,1.0,40623,40623,29703,0,11232,min,=opt=,17566.0,17566,3.324123660454766,False,vars_out_of_range;cons_out_of_range;too_many_nonzeros,
radiationm40-10-02,/Users/cjx-mbp/Documents/benchmark/radiationm40-10-02.mps.gz,172013,173603,406825,1.3623513831232308e-05,109613,0,62400,0.6372367204804288,1.0,172013,172013,126403,0,47200,min,=opt=,155328.0,155328,3.3202460662013062,False,vars_out_of_range;cons_out_of_range;too_many_nonzeros,
rail01,/Users/cjx-mbp/Documents/benchmark/rail01.mps.gz,117527,46843,392086,7.121951041360702e-05,117527,0,0,1.0,1.0,117527,117527,45509,0,1334,min,=opt=,-70.5699643,-70.5699643,4.310251730921998,False,vars_out_of_range;cons_out_of_range;too_many_nonzeros,
rail02,/Users/cjx-mbp/Documents/benchmark/rail02.mps.gz,270869,95791,756228,2.9145314227964727e-05,270869,0,0,1.0,1.0,270869,270869,93088,0,2703,min,=opt=,-200.4499077,-200.4499077,4.3108207478706415,False,vars_out_of_range;cons_out_of_range;too_many_nonzeros,
rail507,/Users/cjx-mbp/Documents/benchmark/rail507.mps.gz,63019,509,468878,0.014617414631337523,63009,0,10,0.9998413176978371,0.9999206588489186,63019,63009,0,508,1,min,=opt=,174.0,174,4.465486636689948,False,vars_out_of_range;too_many_nonzeros,
ran14x18-disj-8,/Users/cjx-mbp/Documents/benchmark/ran14x18-disj-8.mps.gz,504,447,10277,0.04561716558360854,252,0,252,0.5,1.0,504,504,32,415,0,min,=opt=,3712.0,3712,2.878490003906111,True,,
rd-rplusc-21,/Users/cjx-mbp/Documents/benchmark/rd-rplusc-21.mps.gz,622,125899,852384,0.01088485439088634,457,0,165,0.7347266881028939,0.9437299035369775,621,553,137,122312,3450,min,=opt=,165395.275295,165395.275295,3.6170469315869966,False,cons_out_of_range;too_many_nonzeros,
reblock115,/Users/cjx-mbp/Documents/benchmark/reblock115.mps.gz,1150,4735,13724,0.002520361783205546,1150,0,0,1.0,1.0,1150,1150,0,0,4735,min,=opt=,-36800603.2332,-36800603.2332,4.821459925754426,False,cons_out_of_range,
rmatr100-p10,/Users/cjx-mbp/Documents/benchmark/rmatr100-p10.mps.gz,7359,7260,21877,0.00040947966864284544,100,0,7259,0.013588802826470988,0.5067944014132355,7359,100,1,0,7259,min,=opt=,423.0,423,0.7477484401888659,False,vars_out_of_range;cons_out_of_range;integer_ratio_too_low,
rmatr200-p5,/Users/cjx-mbp/Documents/benchmark/rmatr200-p5.mps.gz,37816,37617,113048,7.946998608822527e-05,200,0,37616,0.0052887666596149775,0.5026443833298075,37816,200,1,0,37616,min,=opt=,4521.0,4521,0.7198729133708712,False,vars_out_of_range;cons_out_of_range;integer_ratio_too_low;too_many_nonzeros,
rocI-4-11,/Users/cjx-mbp/Documents/benchmark/rocI-4-11.mps.gz,6839,10883,27383,0.0003679084761192762,6208,0,631,0.9077350489837696,1.0,6839,6839,2831,3828,4224,min,=opt=,-6020203.0,-6020203,4.313266419842083,False,vars_out_of_range;cons_out_of_range,
rocII-5-11,/Users/cjx-mbp/Documents/benchmark/rocII-5-11.mps.gz,11523,26897,303291,0.0009785659908491976,11341,0,182,0.9842055020393995,0.9952269374294889,11523,11413,781,12375,13741,min,=opt=,-6.675504731538,-6.675504731538,4.615798646906687,False,vars_out_of_range;cons_out_of_range;too_many_nonzeros,
rococoB10-011000,/Users/cjx-mbp/Documents/benchmark/rococoB10-011000.mps.gz,4456,1667,16517,0.002223567853754204,4456,0,0,1.0,1.0,4456,4456,1396,271,0,min,=opt=,19449.0,19449,4.329449908941013,False,vars_out_of_range,
rococoC10-001000,/Users/cjx-mbp/Documents/benchmark/rococoC10-001000.mps.gz,3117,1293,11751,0.0029156775917113472,3117,0,0,1.0,1.0,3117,3117,1005,288,0,min,=opt=,11460.0,11460,4.4528192861428275,False,vars_out_of_range,
roi2alpha3n4,/Users/cjx-mbp/Documents/benchmark/roi2alpha3n4.mps.gz,6816,1251,878812,0.10306449675939999,6642,0,174,0.9744718309859155,1.0,6816,6816,2,174,1075,min,=opt=,-63.20849503,-63.20849503,3.8227760045484738,False,vars_out_of_range;too_many_nonzeros,
roi5alpha10n8,/Users/cjx-mbp/Documents/benchmark/roi5alpha10n8.mps.gz,106150,4665,2370224,0.004786496489477014,105950,0,200,0.9981158737635422,1.0,106150,106150,2,200,4463,min,=opt=,-52.322274351,-52.322274351,4.617592187641202,False,vars_out_of_range;cons_out_of_range;too_many_nonzeros,
roll3000,/Users/cjx-mbp/Documents/benchmark/roll3000.mps.gz,1166,2295,29386,0.01098143850641076,738,0,428,0.6329331046312179,0.9991423670668954,1165,1165,174,629,1492,min,=opt=,12889.999992,12889.999992,3.7271256631106806,True,,
s100,/Users/cjx-mbp/Documents/benchmark/s100.mps.gz,364417,14733,1777917,0.0003311476406696293,364417,0,0,1.0,1.0,364417,364417,14518,100,115,min,=opt=,-0.1697235270583,-0.1697235270583,4.30053887388585,False,vars_out_of_range;cons_out_of_range;too_many_nonzeros,
s250r10,/Users/cjx-mbp/Documents/benchmark/s250r10.mps.gz,273142,10962,1318607,0.00044038964031066155,273139,0,3,0.9999890167019353,1.0,273142,273142,10443,253,266,min,=opt=,-0.1717804834232,-0.1717804834232,4.311858965833467,False,vars_out_of_range;cons_out_of_range;too_many_nonzeros,
satellites2-40,/Users/cjx-mbp/Documents/benchmark/satellites2-40.mps.gz,35378,20916,283668,0.00038335262015896704,34324,0,1054,0.9702074735711459,0.9719599751257844,34417,34355,13560,992,6364,min,=opt=,-19.0,-19,4.289085722731505,False,vars_out_of_range;cons_out_of_range;too_many_nonzeros,
satellites2-60-fs,/Users/cjx-mbp/Documents/benchmark/satellites2-60-fs.mps.gz,35378,16516,125048,0.0002140122329123979,34324,0,1054,0.9702074735711459,0.9719599751257844,34417,34355,13560,992,1964,min,=opt=,-19.0000000001,-19.0000000001,4.2227093595445355,False,vars_out_of_range;cons_out_of_range;too_many_nonzeros,
savsched1,/Users/cjx-mbp/Documents/benchmark/savsched1.mps.gz,328575,295989,1770507,1.820486908367059e-05,252731,252731,75844,0.7691729437723503,0.8845864718861751,328575,252731,36471,1392,258126,min,=opt=,3217.7,3217.7,3.7271135304386767,False,vars_out_of_range;cons_out_of_range;too_many_nonzeros,
sct2,/Users/cjx-mbp/Documents/benchmark/sct2.mps.gz,5885,2151,23643,0.0018677369242418318,2872,2540,3013,0.4880203908241291,0.9760407816482582,5744,5744,360,70,1721,min,=opt=,-230.9891623,-230.9891623,3.019313338286474,False,vars_out_of_range,
seymour,/Users/cjx-mbp/Documents/benchmark/seymour.mps.gz,1372,4944,33549,0.004945919074980894,1372,0,0,1.0,1.0,1372,1372,0,4944,0,min,=opt=,423.0,423,4.767722437657449,False,cons_out_of_range,
seymour1,/Users/cjx-mbp/Documents/benchmark/seymour1.mps.gz,1372,4944,33549,0.004945919074980894,451,0,921,0.32871720116618075,1.0,1372,1372,0,4944,0,min,=opt=,410.76370139,410.76370139,2.7538740411559908,False,cons_out_of_range,
sing326,/Users/cjx-mbp/Documents/benchmark/sing326.mps.gz,55156,50781,268173,9.574608799399561e-05,40010,0,15146,0.7253970556240481,0.862698527812024,55156,40010,20825,14978,14978,min,=opt=,7753674.85376,7753674.85376,3.436018554440999,False,vars_out_of_range;cons_out_of_range;too_many_nonzeros,
sing44,/Users/cjx-mbp/Documents/benchmark/sing44.mps.gz,59708,54745,281260,8.604605983234155e-05,43524,0,16184,0.7289475447176258,0.8646496281905273,59708,43545,22755,15995,15995,min,=opt=,8128831.1772,8128831.1772,3.4485033945118597,False,vars_out_of_range;cons_out_of_range;too_many_nonzeros,
snp-02-004-104,/Users/cjx-mbp/Documents/benchmark/snp-02-004-104.mps.gz,228350,126512,463941,1.6059425937094595e-05,334,167,228016,0.0014626669586161594,0.7500240858331508,228350,114186,122128,1970,2414,min,=opt=,586803238.6567289,586803238.6567289,0.8180403574296988,False,vars_out_of_range;cons_out_of_range;integer_ratio_too_low;too_many_nonzeros,
sorrell3,/Users/cjx-mbp/Documents/benchmark/sorrell3.mps.gz,1024,169162,338324,0.001953125,1024,0,0,1.0,1.0,1024,1024,0,169162,0,min,=opt=,-16.0,-16,4.66875,False,cons_out_of_range;too_many_nonzeros,
sp150x300d,/Users/cjx-mbp/Documents/benchmark/sp150x300d.mps.gz,600,450,1200,0.0044444444444444444,300,300,300,0.5,1.0,600,600,150,0,300,min,=opt=,69.0,69,3.4205555555555556,True,,
sp97ar,/Users/cjx-mbp/Documents/benchmark/sp97ar.mps.gz,14101,1761,290968,0.01171752693042217,14101,0,0,1.0,1.0,14101,14101,0,549,1212,min,=opt=,660705645.759,660705645.759,4.512519569113246,False,vars_out_of_range;too_many_nonzeros,
sp98ar,/Users/cjx-mbp/Documents/benchmark/sp98ar.mps.gz,15085,1435,426148,0.019686261013374846,15085,0,0,1.0,1.0,15085,15085,0,522,913,min,=opt=,529740623.2,529740623.2,4.385019823786003,False,vars_out_of_range;too_many_nonzeros,
splice1k1,/Users/cjx-mbp/Documents/benchmark/splice1k1.mps.gz,3253,6505,1761016,0.08322080983367094,3253,0,0,1.0,1.0,3253,3253,1,0,6504,min,=opt=,-394.0,-394,3.9352956516964976,False,vars_out_of_range;cons_out_of_range;too_many_nonzeros,
square41,/Users/cjx-mbp/Documents/benchmark/square41.mps.gz,62234,40160,13566426,0.005428052388575339,62234,0,0,1.0,0.9997027348394768,62234,62197,40124,36,0,min,=opt=,15.0,15,4.2129151971988,False,vars_out_of_range;cons_out_of_range;too_many_nonzeros,
square47,/Users/cjx-mbp/Documents/benchmark/square47.mps.gz,95030,61591,27329856,0.004669381504596538,95030,0,0,1.0,0.9997737556561086,95030,94987,61549,42,0,min,=opt=,15.9999999997877,15.9999999997877,4.225110174363739,False,vars_out_of_range;cons_out_of_range;too_many_nonzeros,
supportcase10,/Users/cjx-mbp/Documents/benchmark/supportcase10.mps.gz,14770,165684,555082,0.00022682769429817513,14770,14770,0,1.0,1.0,14770,14770,9660,3380,152644,min,=opt=,7.0,7,4.673049253306091,False,vars_out_of_range;cons_out_of_range;too_many_nonzeros,
supportcase12,/Users/cjx-mbp/Documents/benchmark/supportcase12.mps.gz,799616,166781,2334437,1.7504677300416256e-05,200,0,799416,0.00025012005762766127,1.0,799616,799616,146414,1984,18383,min,=opt=,-7559.533053817,-7559.533053817,1.3493175760946161,False,vars_out_of_range;cons_out_of_range;integer_ratio_too_low;too_many_nonzeros,
supportcase18,/Users/cjx-mbp/Documents/benchmark/supportcase18.mps.gz,13410,240,28920,0.008985831469052945,13410,13410,0,1.0,1.0,13410,13410,120,0,120,min,=opt=,48.0,48,4.356226696495153,False,vars_out_of_range,
supportcase19,/Users/cjx-mbp/Documents/benchmark/supportcase19.mps.gz,1429098,10713,4287094,0.0002800205406128055,1429098,0,0,1.0,1.0,1429098,1429098,10351,362,0,min,=opt=,12677205.99992052,12677205.99992052,4.309035959971496,False,vars_out_of_range;cons_out_of_range;too_many_nonzeros,
supportcase22,/Users/cjx-mbp/Documents/benchmark/supportcase22.mps.gz,7129,260602,2228828,0.0011996931963143456,7129,7129,0,1.0,1.0,7129,7129,640,259671,291,min,=best=,110.0,110.0,4.4798225679713335,False,vars_out_of_range;cons_out_of_range;too_many_nonzeros,
supportcase26,/Users/cjx-mbp/Documents/benchmark/supportcase26.mps.gz,436,870,2492,0.006569650954339344,396,396,40,0.908256880733945,0.9541284403669725,436,396,0,870,0,min,=opt=,1745.123813,1745.123813,4.665770250523494,True,,
supportcase33,/Users/cjx-mbp/Documents/benchmark/supportcase33.mps.gz,20203,20489,211915,0.0005119470823240357,20203,0,0,1.0,1.0,20203,20203,203,300,19986,min,=opt=,-345.0,-345,4.687845744530441,False,vars_out_of_range;cons_out_of_range;too_many_nonzeros,
supportcase40,/Users/cjx-mbp/Documents/benchmark/supportcase40.mps.gz,16440,38192,104420,0.0001663065958450936,2000,0,14440,0.12165450121654502,0.8686131386861314,16440,12120,100,12,38080,min,=opt=,24256.3122898,24256.3122898,1.798481535731359,False,vars_out_of_range;cons_out_of_range;integer_ratio_too_low;too_many_nonzeros,
supportcase42,/Users/cjx-mbp/Documents/benchmark/supportcase42.mps.gz,19466,18439,435653,0.001213742685436275,1026,0,18440,0.052707284496044386,0.4736206719408199,18439,0,0,1028,17411,min,=opt=,7.75863072227,7.75863072227,0.7859433144027925,False,vars_out_of_range;cons_out_of_range;integer_ratio_too_low;too_many_nonzeros,
supportcase6,/Users/cjx-mbp/Documents/benchmark/supportcase6.mps.gz,130052,771,584976,0.0058340028250896585,130052,130051,0,1.0,0.9999961553840002,130052,130051,771,0,0,min,=opt=,51906.47737,51906.47737,4.206648265566566,False,vars_out_of_range;too_many_nonzeros,
supportcase7,/Users/cjx-mbp/Documents/benchmark/supportcase7.mps.gz,138844,6532,2845545,0.003137560905979975,465,451,138379,0.0033490824234392556,0.5016241249171732,138844,451,140,0,6392,min,=opt=,-1132.223177,-1132.223177,0.654521344409352,False,vars_out_of_range;cons_out_of_range;integer_ratio_too_low;too_many_nonzeros,
swath1,/Users/cjx-mbp/Documents/benchmark/swath1.mps.gz,6805,884,34965,0.005812368467423142,2306,0,4499,0.33886847905951506,0.9939750183688464,6804,6724,504,0,380,min,=opt=,379.07129575,379.07129575,2.3835032797949336,False,vars_out_of_range,
swath3,/Users/cjx-mbp/Documents/benchmark/swath3.mps.gz,6805,884,34965,0.005812368467423142,2706,0,4099,0.3976487876561352,0.9939750183688464,6804,6724,504,0,380,min,=opt=,397.76134365,397.76134365,2.559844205584794,False,vars_out_of_range,
tbfp-network,/Users/cjx-mbp/Documents/benchmark/tbfp-network.mps.gz,72747,2436,215837,0.0012179613972649163,72747,0,0,1.0,1.0,72747,72747,2436,0,0,min,=opt=,24.16319444,24.16319444,4.280512617643761,False,vars_out_of_range;too_many_nonzeros,
thor50dday,/Users/cjx-mbp/Documents/benchmark/thor50dday.mps.gz,106261,53360,212060,3.739977913848433e-05,53131,53130,53130,0.5000047053952061,0.7500023526976031,106261,53131,230,0,53130,min,=opt=,40417.0,40417,2.6976962871835743,False,vars_out_of_range;cons_out_of_range;too_many_nonzeros,
timtab1,/Users/cjx-mbp/Documents/benchmark/timtab1.mps.gz,397,171,829,0.012211469058877251,171,0,226,0.43073047858942065,1.0,397,397,171,0,0,min,=opt=,764771.99999978,764771.99999978,2.847182930826227,True,,
tr12-30,/Users/cjx-mbp/Documents/benchmark/tr12-30.mps.gz,1080,750,2508,0.003096296296296296,360,0,720,0.3333333333333333,0.6666666666666666,1080,360,360,0,390,min,=opt=,130595.9999999999,130595.9999999999,2.156792592592592,True,,
traininstance2,/Users/cjx-mbp/Documents/benchmark/traininstance2.mps.gz,12890,15603,41531,0.00020649586642818534,7880,0,5010,0.6113266097750194,1.0,12890,12890,10169,0,5434,min,=opt=,71820.0,71820,3.269982439075615,False,vars_out_of_range;cons_out_of_range,
traininstance6,/Users/cjx-mbp/Documents/benchmark/traininstance6.mps.gz,10218,12309,32785,0.00026066727865635013,6210,0,4008,0.6077510275983559,1.0,10218,10218,8094,0,4215,min,=opt=,28290.0,28290,3.2560553529609875,False,vars_out_of_range;cons_out_of_range,
trento1,/Users/cjx-mbp/Documents/benchmark/trento1.mps.gz,7687,1265,93571,0.009622631710742072,6415,0,1272,0.8345258228177442,0.9172629114088722,7687,6415,1248,1,16,min,=opt=,5189487.0,5189487,3.4895166779702507,False,vars_out_of_range;too_many_nonzeros,
triptim1,/Users/cjx-mbp/Documents/benchmark/triptim1.mps.gz,30055,15706,515436,0.00109192402747855,30048,0,7,0.9997670936616203,0.9996506404924306,30055,30034,9597,4055,2054,min,=opt=,22.8680999999999,22.8680999999999,4.436715630834535,False,vars_out_of_range;cons_out_of_range;too_many_nonzeros,
uccase12,/Users/cjx-mbp/Documents/benchmark/uccase12.mps.gz,62529,121161,419447,5.536467567687677e-05,9072,0,53457,0.14508468070815142,0.7512114378928177,62529,31416,24225,72556,24380,min,=opt=,11507.4050616,11507.4050616,1.5568148531242678,False,vars_out_of_range;cons_out_of_range;integer_ratio_too_low;too_many_nonzeros,
uccase9,/Users/cjx-mbp/Documents/benchmark/uccase9.mps.gz,33242,49565,332316,0.0002016921502615138,8064,0,25178,0.2425846820287588,0.84659466939414,33242,23043,11879,21025,16661,min,=opt=,10993.131409,10993.131409,2.021850275970221,False,vars_out_of_range;cons_out_of_range;integer_ratio_too_low;too_many_nonzeros,
uct-subprob,/Users/cjx-mbp/Documents/benchmark/uct-subprob.mps.gz,2256,1973,10147,0.002279667353240376,379,0,1877,0.16799645390070922,1.0,2256,2256,901,1024,48,min,=opt=,314.0,314,2.2028486931734443,False,integer_ratio_too_low,
unitcal_7,/Users/cjx-mbp/Documents/benchmark/unitcal_7.mps.gz,25755,48939,127595,0.0001012318121265143,2856,0,22899,0.11089108910891089,0.8326732673267326,25755,17136,2907,20294,25738,min,=opt=,19635558.244,19635558.244,1.6726399017276683,False,vars_out_of_range;cons_out_of_range;integer_ratio_too_low;too_many_nonzeros,
var-smallemery-m6j6,/Users/cjx-mbp/Documents/benchmark/var-smallemery-m6j6.mps.gz,5608,13416,850621,0.01130589755073466,5606,0,2,0.9996433666191156,0.9998216833095578,5607,5607,0,150,13266,min,=opt=,-149.37501,-149.37501,4.517679105664708,False,vars_out_of_range;cons_out_of_range;too_many_nonzeros,
wachplan,/Users/cjx-mbp/Documents/benchmark/wachplan.mps.gz,3361,1553,89361,0.01712016917664518,3361,0,0,1.0,0.999851234751562,3361,3360,237,56,1260,min,=opt=,-8.0,-8,4.444611620371586,False,vars_out_of_range;too_many_nonzeros,
